id,en
p673641,I am good.
p453733,You are good.
p752797,He is good.
p931381,She is good.
p416257,It  is good.
p286710,We are good.
p549808,They are good.
p412327,He is Akira.
p381734,He is from Osaka.
p172031,It is a cat.
p865884,You are happy.
p168438,They are mine.
p924058,I like you.
p253197,I like him.
p665407,I like her.
p788605,I like it.
p769839,I like them.
p968011,Please look at me.
p423074,Please look at us.
p601348,Look at me.
p767951,I know you.
p908263,I know him.
p595215,I know her.
p381463,I need it.
p180241,I know them.
p291013,Please help us.
p357085,I don't know him.
p115636,I don't know her.
p640853,I don't know them.
p985072,It is my bag
p770762,It is your bag
p790797,It is his bag
p818026,It is her bag
p997368,It is our bag
p715281,It is their bag.
p619935,This is my house.
p630849,My pen is blue.
p153126,Your car is fast.
p495476,Your book is on the table.
p552082,His hat is black.
p463210,His name is Taro.
p979317,Her eyes are blue.
p188031,Its color is red.
p725100,Our school is big.
p131587,Their dog is cute.
p154148,This is my car.
p145246,That is my car.
p657759,That isn't my bag.
p458517,Is this your pen or mine?
p696395,What is this thing for?
p611054,That is Taro's dog.
p195627,That is my school.
p973107,That is the library.
p277543,This is my book.
p880156,This is a good book.
p689796,That is not my bag.
p266794,Is this your pen?
p470453,That is a my school.
p608912,This is my new car.
p569386,These are my books.
p796618,These are apples from my garden.
p216797,These are our new laptops.
p885792,Those are her dogs.
p391412,Those are his cars.
p457985,Those are tall buildings.
p301085,Those are old houses.
p191470,Are these your pens?
p336950,What are these?
p889175,Those aren't my bags
p285644,These are apples.
p269041,These are new cars.
p105764,Those are not my bags.
p830387,I am good.
p221775,I am happy.
p623232,I am super.
p212142,I am okay.
p741919,I am tired.
p629599,I am hungry.
p828897,I am sleepy.
p122069,I am from Nara.
p147841,I am a student.
p542930,I am 12 years old.
p762812,I am from Japan.
p482035,I am not sure.
p866225,I am not busy.
p201782,I am not tired.
p707942,I am not hungry.
p128684,I am not sleepy.
p597340,I am not okay.
p400819,I am not good.
p241164,I am not happy.
p291661,I am not a student.
p576859,I am not worried.
p770256,I am not interested.
p888074,Am I correct?
p333518,Am I right?
p201987,Am I wrong?
p881577,Am I next?
p106764,Am I clear?
p279895,Am I late?
p452540,Am I early?
p910330,Am I loud?
p897956,Am I done?
p267509,Am I ready?
p561627,Am I in the way?
p559218,You are right.
p743230,You are funny.
p787486,You are cool.
p210257,You are the best.
p732478,You are kind.
p623726,You are next.
p852488,You are busy.
p319438,You are a teacher.
p497606,You are lucky.
p254597,You are my best friend.
p751686,You are my friend.
p695797,You are not wrong.
p300252,You are not alone.
p970506,You are not ready.
p188617,You are not my boss.
p762546,You are not serious.
p830961,You are not busy.
p576530,You are not happy.
p499665,You are not a robot.
p652196,You are not fair.
p365755,You are not polite.
p601969,Are you busy?
p978597,Are you hungry?
p111415,Are you sleepy?
p929759,Are you a tourist?
p977292,Are you cold?
p569080,Are you sure?
p645492,Are you ready?
p534785,Are you okay?
p508105,Are you serious?
p457126,Are you in line?
p280055,Are you OK?
p555154,He is a doctor.
p831812,He is a teacher.
p360288,He is my friend.
p140357,He is happy.
p695897,He is busy.
p173392,He is tall.
p535636,He is cool.
p380040,He is a good student.
p173127,He is from America.
p782894,He is tired.
p382611,He is funny.
p727904,He is not a student.
p415863,He is not at home.
p440001,He isn't very kind.
p606729,He is not alone.
p474556,He isn't ready yet.
p948106,He is not okay.
p667625,He isn't my friend.
p670838,He is not wrong.
p886058,He isn't hungry.
p755199,He isn't serious.
p940912,He is not a teacher.
p287591,Is he busy?
p816837,Is he a student?
p649380,Is he tired?
p893614,Is he free?
p566452,Is he your teacher?
p671097,Is he cool?
p230302,Is he hungry?
p515113,Is he famous?
p440456,Is he from America?
p837555,Is he serious?
p889666,Is he a teacher?
p929382,She is a student.
p193600,She is a teacher.
p382263,She is a doctor.
p546936,She is my friend.
p542790,She is happy.
p773914,She is busy.
p804060,She is tired.
p100069,She is kind.
p745110,She is tall.
p349952,She is from Japan.
p282855,She is a nurse.
p999544,She is cool.
p227981,She is not my sister.
p352440,She is not from Osaka.
p983317,She is not a student.
p222461,She is not busy.
p553845,She is not my teacher.
p675886,She is not very kind.
p531090,She is not from Canada.
p271701,She is not hungry.
p840359,She is not my friend.
p455581,She is not tired.
p507753,She is not a doctor.
p208117,She is not free.
p373571,Is she your older sister?
p637960,Is she a teacher?
p662996,Is she busy?
p777621,Is she a student?
p457038,Is she kind?
p890937,Is she your friend?
p159042,Is she from Canada?
p980675,Is she American?
p908235,Is she happy?
p103280,Is she a doctor?
p300737,Is she okay?
p608954,Is she your sister?
p183206,We are a team.
p135723,We are good friends.
p132443,We are ready.
p656761,We are excited.
p131197,We are Japanese students.
p631573,We are classmates.
p539535,We are family.
p245308,We are partners.
p270417,We are happy.
p745297,We are busy.
p793812,We are students.
p446461,We are brothers.
p153402,We are in the same class.
p521474,We are studying English.
p986108,We are not late.
p987016,We are not alone.
p322201,We are not perfect.
p543540,We are not afraid.
p304244,We are not in a hurry.
p879227,We are not hungry.
p665260,We are not ready.
p653988,We are not tired.
p353746,We are not busy.
p139014,We are not sure.
p242516,We are not twins.
p244205,Are we ready?
p409074,Are we lost?
p128436,Are we free?
p668445,Are we alone?
p170363,Are we late?
p917858,Are we safe?
p353100,Are we done?
p492923,Are we close?
p638001,They are from Canada.
p202200,They are my friends.
p243039,They are sisters.
p642249,They are brothers.
p530752,They are kind.
p891836,They are nice.
p449293,They are in then park.
p183774,They are busy now.
p326629,They are students.
p305983,They are teachers.
p516739,They are playing tennis.
p237351,They are not my friends.
p489138,They are not strong.
p428779,They are not ready yet.
p942196,They are not from the U.S.
p856619,They are not students.
p800616,They are not teachers.
p363106,They are not busy.
p278174,They are not happy.
p894913,They are not kind.
p359543,They are not tired.
p768120,They are not Japanese.
p658468,They are not free today.
p764993,They are not serious.
p197301,
p988116,Are they in trouble?
p112316,Are they teachers?
p519894,Are they excited?
p260379,Are they famous?
p261314,Are they busy?
p868134,Are they okay?
p231254,Are they Japanese?
p616994,Are they tired?
p981411,Are they at home?
p861332,Are they kind?
p509099,Are they free?
p903565,I was really busy yesterday.
p716754,I wasn't busy at all yesterday.
p507429,I was in Osaka all day yesterday.
p418938,I was really happy yesterday.
p837308,I was tired last night.
p212319,I was very sleepy yesterday.
p102907,I was really hungry at that time.
p337857,I was free all day yesterday.
p431544,I was excited about the news.
p650640,I was late for school this morning.
p421669,I was thirteen years old last year.
p935176,I was in the library then.
p953111,I was at home last Sunday.
p913115,I was with my friends yesterday.
p877279,I wasn't busy yesterday.
p236779,I wasn't thirsty at that time.
p461862,I wasn't interested in the movie.
p917260,I wasn't there last night.
p377465,I wasn't a tennis player before.
p914639,I wasn't afraid of dogs as a child.
p350474,Was I wrong?
p718549,Was I noisy then?
p737755,Was I late for the party?
p508943,You were really busy yesterday.
p134700,Were you busy yesterday afternoon?
p905970,You were happy.
p331524,You were kind.
p946945,You were a good student.
p286941,You were late for school.
p529351,You were in the library.
p785548,You were at home last night.
p653805,You were excited.
p614205,You weren't busy.
p509754,You weren't hungry.
p834841,You weren't wrong.
p353124,You weren't a teacher.
p623149,You weren't at school yesterday.
p528228,You weren't alone.
p170380,Were you tired?
p694134,Were you free?
p796026,Were you busy yesterday?
p655378,Were you in Tokyo yesterday?
p797395,Were you sick last week?
p941541,Were you surprised at the news?
p466252,Were you with Ken?
p561050,He was really busy yesterday.
p142273,He was in Nara for meetings yesterday.
p333945,He wasn't at school yesterday morning.
p510884,He was a good teacher.
p563265,He was very sleepy last night.
p753436,He was in his room then.
p404330,He was a famous soccer player.
p172926,He was sick last week.
p107997,He was at the station this morning.
p608597,He was very kind to us.
p957260,He was free yesterday.
p187479,He wasn't busy then.
p259296,He wasn't a doctor.
p170806,He wasn't at home on Sunday.
p938576,He wasn't hungry.
p564811,He wasn't ready for the test.
p326240,He wasn't in the library yesterday.
p812479,He wasn't angry.
p281760,Was he your classmate?
p430566,Was he busy yesterday afternoon?
p241595,Was he in the park last night?
p481756,Was he tall?
p378239,Was he with you then?
p900249,She was really busy yesterday.
p850318,She was resting at home yesterday.
p435018,She was very happy last night.
p669109,She was thirteen years old then.
p605349,She was sick in bed yesterday.
p150935,She was in London last week.
p530432,She was our teacher.
p190067,She was excited about the news.
p588270,She was in the library this morning.
p692997,She wasn't tall then.
p254564,She wasn't hungry.
p855259,She wasn't a doctor.
p940746,She wasn't free yesterday.
p794383,She wasn't in the classroom after school.
p581225,She wasn't kind to him.
p116944,Was she busy yesterday?
p917358,Was she your classmate?
p559089,Was she at home this morning?
p618071,Was she interested in the movie?
p778942,We were really busy yesterday.
p737942,We were students back then.
p910734,We were happy.
p833075,We were very tired then.
p556534,We were classmates last year.
p751088,We were in the library after school.
p121303,We were excited about the news.
p881100,We were best friends before.
p885990,We were in Kyoto yesterday.
p682301,We were late.
p199296,We weren't hungry.
p946454,We weren't busy yesterday.
p860269,We weren't at home.
p600238,We weren't sad.
p972718,We weren't ready.
p513305,We weren't players on that team.
p637173,Were we loud?
p140228,Were we wrong?
p397780,Were we good students?
p660557,Were we in the park then?
p567917,Were we helpful?
p570561,Were we lucky?
p840585,They were really busy yesterday.
p195879,They were friends for years.
p336619,They were very happy then.
p918772,They were classmates last year.
p897389,They were in the library after school.
p201277,They were excited about the game.
p806531,They were kind to us.
p737587,They were tired.
p688684,They were cheap before.
p782483,They were very beautiful.
p674824,They weren't at home last night.
p685084,They weren't hungry.
p405524,They weren't good players.
p811845,They weren't interested in the news.
p514607,They weren't new.
p220855,They weren't in my bag.
p656147,Were they surprised at the result?
p747480,Were they busy yesterday?
p860183,Were they your friends?
p889608,Were they in Kyoto last weekend?
p607904,Were they difficult?
p373610,Were they important for you?
p243374,I play tennis every Saturday.
p295164,I live in Nara.
p443410,I like reading a lot.
p479357,I play soccer after school.
p389588,I read books in the library at school.
p626896,I watch TV at home after dinner.
p265880,I go to school by bus.
p788002,I cook breakfast every single morning.
p242664,You really like music a lot.
p578574,I walk my dog after school.
p589494,They live next door.
p480246,I play tennis.
p376099,I like programming.
p641027,I play soccer at school.
p981161,I read books at school.
p177876,I watch TV at home.
p141093,I cook breakfast every day.
p814256,You like music very much.
p133067,We have a dog.
p241117,I don't play tennis on weekdays.
p899346,I don't watch YouTube at night.
p512860,I don't have a dog right now.
p608547,I don't live in Tokyo anymore.
p967776,I don't really like lemon flavor.
p401523,You don't really play soccer these days.
p745370,I don't read many books these days.
p167715,I don't really watch TV at home.
p302717,I don't walk my dog when it rains.
p903537,I don't cook on weeknights.
p689480,I don't play tennis.
p704824,You don't study English.
p625016,We don't have a dog.
p661040,I don't live in Tokyo.
p405068,I don't like lemon.
p588635,You don't play soccer.
p995637,I don't read books a lot.
p816204,I don't watch TV.
p547671,I don't go to school on foot.
p225125,I don't cook.
p467023,Do you still play tennis?
p384045,Do you study English on weeknights?
p864532,Do you have a dog at home?
p728637,Do you live in Tokyo now?
p830421,Do you like live music?
p567472,Do they play soccer after school?
p195006,Do you read books on the train to school?
p594225,Do they watch a movie together at night?
p915471,Do you ride your bike?
p678409,Do you cook dinner at home?
p932792,Do you play tennis?
p851065,Do you study English?
p479628,Do you have a dog?
p488672,Do you live in Tokyo?
p977551,Do you like music?
p210968,Do you play soccer?
p378006,Do you read books?
p468798,Do they watch TV?
p190166,Do you go to school?
p442084,Do you cook?
p637529,He plays soccer at the local club on weekends.
p627903,She studies English online every night.
p272945,Tom bikes to school every day.
p817543,My mother has a small car.
p170741,He plays tennis during lunch break.
p215008,She likes jazz music.
p969576,Taro washes his hands before lunch.
p205208,Goro goes to school by train.
p236497,He watches YouTube every night.
p877759,Hanako studies English phrases on YouTube.
p966812,He plays soccer.
p245435,She studies English.
p264109,Tom goes to school.
p291718,My mother has a car.
p803061,He plays tennis.
p817455,She likes music.
p626567,Goro goes to school by bus.
p347550,He watches YouTube.
p150325,Hanako studies English on YouTube.
p863567,He doesn't play soccer on weekdays.
p171461,She doesn't study at home.
p984717,Tom doesn't go to the park when it rains.
p540487,My mother doesn't have a car anymore.
p778127,He doesn't play tennis on weekends.
p788444,She doesn't like rock music.
p238363,Taro doesn't study before dinner.
p853999,Goro doesn't go to school by bus.
p686253,He doesn't watch YouTube at night.
p224402,Hanako doesn't study English at home.
p982940,He doesn't play soccer.
p678084,She doesn't study English.
p945601,Tom doesn't go to school.
p248928,My mother doesn't have a car.
p277763,He doesn't play tennis.
p288954,She doesn't like music.
p435448,Taro doesn't wash his hands before lunch.
p284056,He doesn't watch YouTube.
p791727,Hanako doesn't study English.
p239393,Does he play tennis on weekends?
p904800,Does she speak English fluently?
p386451,Does he go to school every day?
p546044,Does she like jazz?
p331926,Does he play soccer after school?
p155471,Does she cook at home?
p604338,Does he read books often?
p600324,Does she watch TV on weeknights?
p379543,Does he watch movies at the theater?
p109810,Does she sing karaoke?
p583834,Does he play tennis?
p184312,Does she speak English?
p154132,Does he go to school?
p380178,Does she like music?
p657596,Does he play soccer?
p969469,Does she cook?
p975351,Does he read books?
p317011,Does she watch TV?
p866879,Does he watch movies?
p412912,Does she sing songs?
p411231,I played soccer with my cousins yesterday.
p632993,She studied English late last night.
p987697,We watched a drama online yesterday.
p394714,He really liked the movie.
p488182,I went to Osaka for a concert.
p982823,She cooked dinner for her family yesterday.
p943388,They played tag in the park.
p601590,I read a new book over the weekend.
p511167,He washed his hands before going out.
p337786,She cleaned the room yesterday.
p948613,I played soccer yesterday.
p427332,She studied English last night.
p312619,We watched TV.
p725486,He liked the movie.
p346307,I went to Osaka yesterday.
p572912,She cooked yesterday.
p901938,They played in the park.
p846789,I read a book.
p129733,He washed his hands.
p809603,She cleaned the room.
p147966,I went to Tokyo for a concert.
p548261,I went to America for a short study program.
p346100,He came home at ten last night.
p956529,I wrote a thoughtful letter to her.
p828481,We had a great time at the party.
p833252,I got up at six sharp.
p692341,I saw Bob at the station last week.
p255531,He bought a new car last month.
p474036,She made a birthday cake over the weekend.
p814645,I saw a movie last night.
p819178,I went to Tokyo yesterday.
p779765,I went to America last year.
p891285,He came home at ten yesterday.
p512452,I wrote a letter to her.
p851520,We had a good time at the party.
p853705,I got up at six this morning.
p748399,I saw Bob last week.
p442900,He bought a car.
p882659,She made a cake.
p377233,I saw a movie.
p389755,I didn't play soccer because of the rain.
p865184,She didn't study English after dinner.
p518782,We didn't watch TV last night.
p449823,He didn't like that movie at all.
p354640,I didn't go to school yesterday morning.
p858345,She didn't cook dinner yesterday.
p696744,They didn't play in the park on Sunday.
p934633,I didn't read any books last week.
p399697,He didn't wash his hands before eating.
p350136,She didn't clean the room over the weekend.
p608433,I didn't play soccer yesterday.
p995390,She didn't study English.
p489822,We didn't watch TV.
p146476,He didn't like the movie.
p315100,I didn't go to school yesterday.
p557635,She didn't cook.
p541374,They didn't play in the park.
p249807,I didn't read a book.
p770638,He didn't wash his hands.
p450383,She didn't clean the room.
p517695,Did you play soccer yesterday afternoon?
p260642,Did she study English after dinner?
p957046,Did you watch TV last night?
p918680,Did he enjoy the movie?
p123933,Did you go to school yesterday morning?
p219167,Did she cook dinner yesterday?
p532787,Did they play in the park on Sunday?
p266975,Did you read a book on the train?
p436941,Did he wash his hands before lunch?
p424344,Did she clean the room yesterday?
p611638,Did you play soccer yesterday?
p416651,Did she study English?
p766173,Did you watch TV?
p190910,Did he like the movie?
p383576,Did you go to school yesterday?
p420610,Did she cook?
p381156,Did they play in the park?
p280504,Did you read a book?
p347389,Did he wash his hands?
p718145,Did she clean the room?
p504948,What is this?
p110876,What do you like the most?
p353567,What color should we paint this wall?
p778211,What sport do you like?
p195839,What are you doing now?
p517729,What is he doing over there?
p789702,What are you studying these days?
p415760,What do you want to eat tonight?
p367492,What kind of book is this?
p891535,What are you thinking about?
p450616,What do you like?
p543511,What color is this?
p961533,What are you doing?
p409536,What is he doing?
p937578,What do you study?
p177551,What do you want to eat?
p416442,What time is it right now?
p904957,What time do you usually get up on weekdays?
p296488,What time do you catch the train to school in the morning?
p209943,What time do you usually go to bed at night?
p808252,What time does your lunch break start?
p797514,What time is the movie supposed to start tonight?
p536934,What time does the last bus leave from this stop?
p203120,What time does the gym class finish?
p998323,What time do you usually start your homework?
p378678,What time does the online meeting start?
p974850,What time is it?
p520434,What time do you get up?
p325322,What time do you go to school?
p994018,What time do you go to bed?
p822447,What time do you have lunch?
p599277,What time does the movie start?
p392030,What time does the train come?
p810255,What time does the store open?
p459108,What time do you do your homework?
p642850,What time do you watch TV?
p864124,Who is waving at us over there?
p297666,Who is leading the meeting?
p527748,Who is in charge of this project?
p789579,Who was singing at the show last night?
p565250,Who came up with this idea?
p279736,Who is giving the next presentation?
p949706,Who scored in the game?
p360798,Who is the tallest person in this class?
p746020,Who taught you English?
p583273,Who took this photo?
p619232,Who is that boy?
p965099,Who's your teacher?
p867624,Who is singing that song?
p358023,Who is your friend?
p713492,Who wrote that book?
p899846,Who helped you?
p413042,Who watched that movie?
p388630,Who is your family?
p650268,Who is driving that car?
p290011,Who answered your phone?
p901030,How many books are on the shelf?
p971001,How many members are on the project?
p726250,How many lessons do you take each week?
p579899,How many emails do you need to send?
p757289,How many people are joining the meeting today?
p719781,How many photos did you take on the trip?
p717116,How many computers are in your classroom?
p478413,How many hours do you play games a week?
p613560,How many houseplants do you have at home?
p200604,How many cookies did you bake?
p657816,How many books do you have?
p864380,How many students are there?
p800680,How many brothers do you have?
p650085,How many girls are there in this class?
p822363,How many dogs do you have?
p386502,How many chairs are there in this room?
p333504,How many languages can you speak?
p861790,How many teachers are there in this school?
p777442,How many hours do you study a day?
p277512,How many pages are there in this book?
p226833,How is the weather in Tokyo today?
p731488,How was the weather in Osaka this morning?
p839531,How is the weather at the beach this weekend?
p576911,How is the weather in the mountains next week?
p852914,How is the weather in Nara during summer?
p387105,How is the weather on winter mornings?
p340215,How is the weather in Kyoto in spring?
p246432,How is the weather at night in autumn?
p620698,How was the weather yesterday afternoon?
p833037,How is the weather expected during your commute this week?
p274145,How is the weather in Osaka today?
p876369,How is the weather on the weekend?
p159999,How is the weather next week?
p560504,How is the weather in summer?
p790860,How is the weather in winter?
p742066,How is the weather in spring?
p774264,How is the weather in autumn?
p547634,How was the weather yesterday?
p362268,How was the weather this morning?
p245741,How do you get to school?
p176088,How do you go to work?
p972637,How are you going to get to the airport?
p440912,How can I get to the station?
p372332,How should I get to the hospital?
p491544,How do you usually go to the library?
p967807,How can I get to the department store?
p625396,How can I get to the park?
p543062,How can I get to the movie theater?
p529296,How can I get to the post office the quickest?
p127703,How do you go to school?
p196044,How do you go to the airport?
p819611,How do you go to the station?
p393245,How do you go to the hospital?
p191742,How do you go to the library?
p579428,How can I  get to the park?
p817641,How can I  get to the movie theater?
p417733,How can I  get to the post office?
p872544,Why did you decide to study English?
p484928,Why do you go to that school?
p324440,Why was he late today?
p996278,Why is she crying?
p114710,Why are you so tired?
p381502,Why is he upset?
p465450,Why do you read that book over and over?
p741223,Why does she watch that movie so many times?
p821092,Why do you get up early every morning?
p285001,Why did he quit that job?
p609883,Why do you study English?
p940165,Why do you go to school?
p775762,Why was he late?
p370263,Why are you tired?
p584938,Why is he angry?
p951504,Why do you read that book?
p943258,Why does she watch that movie?
p297242,Why do you get up early?
p616461,"Which city would you rather live in, Tokyo or Osaka?"
p588637,Which color shirt do you like the most?
p803242,Which book do you want to read?
p481612,Which movie are you planning to watch tonight?
p265863,Which sport would you like to join?
p622759,Which dish will you choose for lunch?
p853691,Which language do you want to study next?
p696997,Which country do you want to visit on your next trip?
p748649,Which season do you feel is the most comfortable?
p383408,Which subject are you best at?
p781769,Which is bigger，Tokyo or Osaka?
p289412,Which color do you like?
p540257,Which movie do you want to watch?
p687448,Which sport do you like?
p843502,Which food do you like?
p626497,Which language do you want to study?
p861926,Which country do you want to visit?
p959606,Which season do you like?
p457733,Which subject are you good at?
p828060,When do you practice tennis?
p707956,When do you catch the bus to school?
p978348,When will he arrive in Japan?
p205669,When will she be back at the office?
p161078,When do you try to go to bed?
p439687,When do you get up to feel your best?
p984981,When does the movie start?
p695126,When does the train pull into the platform?
p112476,When did he start studying Japanese?
p634557,When is she planning to go to America?
p501230,When do you play tennis?
p279277,When do you go to school?
p519367,When will he come?
p422947,When will she come back?
p690571,When do you go to bed?
p653631,When do you get up?
p634022,When does the train come?
p845198,When did he come to Japan?
p413811,When did she go to America?
p257010,Where do you live?
p784691,Where do you work?
p450646,Where do you study English?
p142073,Where did you meet him?
p942016,Where did you see her?
p173327,Where did you buy that book?
p794441,Where do you usually have lunch?
p719370,Where do you watch movies?
p135798,Where do you practice tennis?
p242777,Where do you usually meet your friends?
p178016,Where is she from?
p967274,Where do you have lunch?
p498938,Where do you play tennis?
p119113,Where do you meet your friends?
p520387,Whose pen is this one?
p210519,Whose notebook is this?
p231479,Whose car is it?
p916301,Whose umbrella is at the entrance?
p108122,Whose bag is that?
p532306,Whose watch is this?
p185340,Whose hat is on the table?
p184837,Whose shoes are these at the door?
p907598,Whose glasses are these?
p307931,Whose key is this?
p537565,Whose pen is this?
p268234,Whose book is this?
p707643,Whose car is this?
p951205,Whose umbrella is this?
p505522,Whose bag is this?
p159809,Whose hat is this?
p362951,Whose shoes are these?
p451626,When do you usually celebrate your birthday?
p392173,Where do you meet your friends on the weekend?
p620669,Who does he play tennis with?
p451306,What is the homework for today?
p342661,Why do you want to learn more English?
p902691,How do you get to school every morning?
p560456,When do you have breakfast?
p263899,Where is the library located?
p356366,Who do you like to listen to music with?
p783716,What do you like to do on weekends?
p897275,When is your birthday?
p654517,When do you play tennis?
p558808,Where is the library?
p307384,Who is he?
p779700,Who plays tennis?
p652084,What food do you like?
p840896,Why do you study English?
p336011,How do you play tennis?
p789651,How is the weather today?
p176901,Check your things before you head out.
p438849,Sit down and take a short break.
p335190,Please pass the handouts around the classroom.
p633425,Ask me if you have a question.
p132374,Don’t forget the deadline.
p143079,Take a deep breath and relax.
p963840,Call me when you have a minute.
p299757,Close the window and turn on the AC.
p622958,Finish your homework today.
p142239,Take some rest this weekend.
p248353,Never run here.
p169096,Let's play baseball.
p825621,Don't be late
p389434,Be careful.
p134488,Please come here.
p697906,Don't run here.
p392975,Open the window.
p608047,Study more.
p749901,Play more.
p393946,Be cool.
p628740,I keep a few magazines on my desk.
p384977,We have two cats at home.
p254711,There are ten new chairs in this classroom.
p974217,I bought three comics yesterday.
p151233,She takes lots of photos on every trip.
p916825,There are many pairs of shoes lined up by the door.
p879264,I received several messages from friends.
p253505,There are twelve colored pencils in this box.
p239700,He writes dozens of emails every day.
p933612,We bought two new plants over the weekend.
p953191,I have two books.
p984198,I have three books.
p115319,She has two cats.
p671790,There are five pens on the desk.
p383202,I bought four apples.
p943316,He has six cars.
p143527,There are ten students in the classroom.
p356857,I read seven magazines.
p900630,She took eight photos.
p191337,There are nine birds in the park.
p494125,I bought a new pen this morning.
p724977,This is the book about cats.
p790686,The movie was really moving.
p762045,I’d like an iced drink.
p623663,My dad has a small car.
p201514,There is a famous cafe in this town.
p128199,We planted a big tree in the yard.
p135175,The dog is very calm.
p568125,I drank a glass of water.
p592219,There is a note on the desk.
p658110,I have a pen.
p119406,This is an apple.
p592286,I bought an egg.
p990056,The book is interesting.
p699268,I like milk.
p933840,He has a car.
p708950,The dog is cute.
p493814,I drink water.
p677746,She has an umbrella.
p243502,The movie was interesting.
p289450,I have very little cash on me right now.
p132999,There is a little juice left in the fridge.
p191150,There is very little water in that container.
p381875,There is a little water left in the bottle.
p851492,There are few children in the park today.
p836434,There are a few kids in the park.
p136637,I need some water right now.
p255957,I have many books at home.
p443913,I have a brand-new bike.
p869349,I want something cold on hot days.
p664267,I have little money.
p753967,I have a little money.
p363971,There is little water in the pool.
p780249,There is a little water in the pool.
p361999,There are few children in the park.
p779186,There are a few children in the park.
p252703,I want some water.
p470124,I have many books.
p266667,I have a new bike.
p374529,I want something cold.
p950317,She is always kind.
p910842,I rarely stay up late.
p375813,I usually get up at six-thirty.
p885453,I am always sleepy in the morning.
p738647,My mother always wakes up early in the morning.
p419758,I sometimes watch dramas before bed.
p650887,I always go to my favorite shop on Sundays.
p935198,I often walk through the park at lunch.
p653096,I know my friends really well.
p127385,He runs extremely fast.
p608064,She is always kind.
p642253,I rarely watch TV.
p876927,I usually get up at 6.
p684984,I am always sleepy.
p883625,My mother wakes up early in the morning.
p925221,I sometimes watch TV.
p958504,I always go to Sushiro.
p265722,I often go to the park.
p963064,I know her well.
p382425,He runs fast.
p989806,My dog is curled up on the sofa.
p314735,My notebook is in my bag.
p246124,A cat is hiding under the chair.
p583755,There is a small lamp by the bed.
p601005,"I live near the station, so commuting is easy."
p950197,I visited Tokyo in 2020 for the first time.
p431286,I started working here on April 1st.
p421572,I get up at seven every morning.
p469712,I went on a short trip to Osaka last weekend.
p389658,I moved from Osaka to Tokyo last year.
p972157,My dog is in the box.
p354267,My dog is on the bed.
p522902,My dog is under the bed.
p193701,My dog is by the bed.
p464700,I live near the station
p164934,I visited Tokyo in 2020.
p859775,I was born on April 1.
p726909,I get up at seven.
p377954,I went to Osaka last weekend.
p620012,I went from Osaka to Tokyo last year.
p452355,I am waiting for the bus right now.
p254649,I am taking notes on my phone now.
p550227,I am sending a message to my friend right now.
p405100,She is joining an online meeting right now.
p914869,I am cooking dinner in the kitchen right now.
p357287,He is listening to music in the living room now.
p438441,We are planning our next trip right now.
p638978,They are studying at the library now.
p165315,I am talking on the phone outside right now.
p855149,Everyone in class is preparing their presentations now.
p340143,I am playing soccer now.
p168040,I am swimming in the river now.
p564722,I am writing a letter now.
p230074,She is using a computer now.
p808784,I am studying math now.
p771326,She is cooking now.
p377133,He is watching TV now.
p926332,We are playing in the park now.
p908824,They are listening to music now.
p882545,I am making a phone call now.
p997537,I am not doing my homework right now.
p573506,I am not watching TV at the moment.
p528391,I am not using my computer right now.
p351402,He is not staying online right now.
p194950,She is not cooking right now.
p857404,We are not playing games right now.
p924328,They are not listening to music now.
p782037,I am not thinking about this topic right now.
p633622,He is not reading a book now.
p925207,She is not using her phone right now.
p926267,I am not playing soccer now.
p169455,I am not listening to music now.
p986210,I am not studying now.
p524946,He is not watching TV now.
p474423,He is not reading now.
p178057,She is not reading a book now.
p523015,She is not cooking now.
p474968,She is not writing a letter now.
p592413,We are not playing in the park now.
p771734,Are you working on the new project right now?
p390583,Where are you heading?
p118743,What are you working on right now?
p636231,Are you studying right now?
p658267,Is she making dinner right now?
p546608,Is he watching TV right now?
p957790,What are they discussing right now?
p695002,Where are you at the moment?
p183634,Is she writing a letter right now?
p636417,What are you studying right now?
p758219,Are you playing soccer now?
p943433,Where are you walking now?
p742295,What are you doing?
p379957,Are you studying now?
p280317,Is she cooking now?
p555802,Is he watching TV now?
p113168,What are they doing now?
p921003,Where are you now?
p517493,Is she writing a letter now?
p927737,What are you studying now?
p896359,I was writing in my journal at that time.
p507386,I was replying to emails then.
p128624,I was cooking dinner in the kitchen around seven.
p487059,She was editing a video when I called.
p890150,He was not listening during the meeting.
p209218,We were waiting for the train in the rain.
p169674,They were studying at the library for finals.
p819538,I was running along the river then.
p867839,What were you working on yesterday evening?
p433634,Where were you heading when it started raining?
p832761,I was writing a letter at that time.
p912798,I was writing a letter then.
p171597,I was writing a letter then.
p995422,I was swimming in the river then.
p183006,I was studying math then.
p716039,She was using a computer then.
p679695,She was not reading a book then.
p822291,He was watching TV then.
p294652,What were you doing then?
p110207,Where were you running?
p997640,You should take a break soon.
p132461,May I close the door?
p713968,You don’t have to get up early today.
p718317,You must not take off your mask here.
p436029,She has to cook dinner tonight.
p930112,Can you present in English?
p453715,He can run twenty kilometers.
p445536,I must start studying now.
p347711,You must not eat or drink here.
p632803,Could you help me later?
p153381,You should go to bed right now.
p662400,May I come in?
p836665,You don't have to get up early.
p245462,You must not swim here.
p905868,She must make dinner.
p422981,Can you speak English?
p664397,He can run fast.
p451624,She can play the piano.
p582456,I must study English.
p879074,You must not eat here.
p416266,I like both apples and peaches.
p482324,I drink coffee or tea in the morning.
p608722,He was tired but satisfied.
p884678,I’m bringing both my laptop and my tablet.
p384389,We enjoy movies or board games on the weekend.
p755719,This town is old but very lively.
p984429,I ordered salad and soup for lunch.
p167024,You can take the course in person or online.
p905562,She is young but very composed.
p789746,This notebook is thin but sturdy.
p632708,I like apples and oranges.
p794459,I like coffee and tea.
p201617,He plays baseball or soccer.
p962241,I am busy but happy.
p623320,She bought apples and bananas.
p133942,I watch movies or TV.
p963427,He is tired but energetic.
p937059,We ate pizza and pasta.
p265273,I read books or magazines.
p227918,She is young but wise.
p298421,"If I have time, I’ll send the files."
p403287,"If it rains, the meeting will go online."
p951708,"If he doesn’t come, I’ll contact you instead."
p597859,"If you have any questions, feel free to ask anytime."
p798982,"If I’m on time, I’ll grab coffee on the way."
p856208,"If you’re unsure, send me a message."
p526041,"If the weather is nice, we’ll go for a picnic."
p568867,"If the network drops, please reconnect."
p178501,"If a table is open, I’ll make a reservation."
p574360,"If she helps us, we’ll finish quickly."
p808358,"If it is sunny tomorrow, I will go to the sea."
p452201,"If it rains, I will stay at home."
p249428,"If I have time, I will watch a movie."
p506745,"If I have money, I will buy a car."
p284422,"If he comes, we will eat together."
p948090,"If I pass the exam, I will go to university."
p518168,"If she calls me, I will answer."
p345302,"If the weather is good, I will go to the park."
p560585,"If he is busy, I will help him."
p713310,"If she comes, I will be happy."
p497975,"When he arrived, we applauded."
p889156,"When it started raining, we moved inside."
p435423,"When the phone rang, I was cooking dinner."
p359062,"When the train arrived, the platform was crowded."
p395747,"When I have time, I read books."
p694939,"When she laughs, everyone else smiles."
p147600,"When the PC freezes, please restart it."
p345090,When the kids fall asleep I can finally get back to work.
p226894,"When the meeting ended, it was already night."
p542611,"When the music started, everyone began to dance."
p147831,"When he came, I was studying."
p195868,"When it rained, I was at home."
p256579,"When she called me, I was sleeping."
p991051,"When she called me, I was studying."
p953980,"When I woke up this morning, I was tired."
p504630,"When he came here, I was watching TV."
p412807,"When she came, I was reading a book."
p476304,"When he called me, I was working."
p238932,"When she came, I was listening to music."
p785564,I read books when I am free.
p312934,"Because the rain was heavy, we postponed our plans."
p833805,"Because I was tired, I went home early."
p193054,"Because the deadline was close, I hurried."
p845416,"Because he helped us, we finished the project."
p562000,"Because the weather was nice, we went for a walk."
p777666,"Because I was hungry, I made a quick snack."
p642667,"Because she was late, we started without her."
p889324,"Because we didn’t have enough time, we shortened the plan."
p627553,"Because I was curious, I joined the event."
p218675,"Because the train was late, I quickly took a taxi."
p234916,"Because it was raining, I stayed at home."
p876917,"Because I was tired, I went to bed early."
p108619,"Because I was hungry, I ate a lot."
p611990,"Because I was busy, I couldn't help her."
p169487,"Because he came, I was happy."
p441679,"Because she called, I answered."
p980244,"Because I had no time, I hurried."
p274169,"Because I had no money, I couldn't buy it."
p462301,"Because he came, we ate together."
p805838,"Because she came, I was happy."
p456842,I think that he is sincere.
p375506,I believe that she is right for this job.
p515756,We think that it will rain.
p413218,He is sure that he will pass the exam.
p181648,I think that this plan is feasible.
p832035,She knows that he is busy.
p398607,The teacher believes that we are ready.
p302379,I expect that they will finish the project.
p211397,They feel that the movie is interesting.
p869009,I’m sure that you will succeed.
p815410,I think that he is right.
p668627,I think that she is wise.
p406568,I think that he will come.
p831137,I think that she is right.
p949788,I think that he is busy.
p835441,I think that she is tired.
p146461,I think that he won't come.
p268262,I think that she will be happy.
p528918,I think that he is correct.
p227228,I think that she will come.
p880844,I am going to go for a run tomorrow morning.
p217883,She is going to start a new project next week.
p293730,We are going to video-call our family tonight.
p284623,He is going to travel overseas for work.
p744835,My friend is going to stay over at my place this weekend.
p148859,I am going to stop by the store after work.
p565747,She is going to run a full marathon next week.
p325030,I am going to take an online English class tonight.
p117110,We are going to travel domestically this summer.
p350585,He is going to start a new game this weekend.
p629447,I am going to visit my grandmother tomorrow.
p963996,I am going to watch a movie tomorrow.
p600827,He is going to visit Japan next week.
p988190,She is going to cook tomorrow.
p207580,We are going to get married next month.
p577797,He is going to play tennis tomorrow.
p636634,She is going to take an exam next week.
p180773,I am going to go to the park tomorrow.
p777293,He is going to buy a car tomorrow.
p146965,She is going to write a letter tomorrow.
p191038,I will support you right away if needed.
p445794,I will send you the details tomorrow morning.
p175549,He will definitely attend the meeting next week.
p982686,She will share a new idea in tomorrow’s presentation.
p616458,I will let you know the result by email this afternoon.
p888898,The team will hold a meeting late tonight.
p941069,I will print the document if necessary.
p288938,They will release an update soon.
p598438,I will take a new class next month.
p212041,The app will get even faster next week.
p658250,I will help you.
p319856,I will call you tomorrow.
p732022,He will come next week.
p988710,She will come tomorrow.
p888413,I will wake up early tomorrow.
p602352,He will play tennis tomorrow.
p336381,We will cook tomorrow.
p309783,I will go shopping tomorrow.
p149966,He will buy a car tomorrow.
p864193,She will write a letter tomorrow.
p618487,This cafe is quieter than the previous place.
p980951,She types faster than I do.
p925606,This laptop is lighter than that model.
p327911,This route is shorter than the other road.
p842830,He is stronger than his brother.
p393697,This table is wider than the previous one.
p153309,This room is brighter than that one.
p761508,This chair is more comfortable than the old one.
p984029,He is taller than anyone else in the class.
p107677,This app runs faster than before.
p772375,Tom is taller than John.
p553680,She is younger than me.
p346178,This book is older than that one.
p538596,He runs faster than me.
p991411,She is smarter than me.
p847886,This car is bigger than that one.
p765012,He is stronger than me.
p548313,She is more beautiful than me.
p545819,This house is smaller than that one.
p532057,He is taller than me.
p204407,Tom is the tallest in our class.
p897673,She is the youngest among us.
p393552,This book is the oldest in the library.
p639092,He runs the fastest among us.
p653609,She is the smartest among us.
p769178,This car is the biggest in the store.
p245830,He is the strongest among us.
p783065,She is the most beautiful among us.
p494069,This house is the smallest in the town.
p882446,He is the tallest among us.
p430267,Tom's the tallest kid on our basketball team.
p582228,Emi is the youngest person in our hiking club.
p103033,This record player is the oldest gadget on the shelf.
p794848,Sho runs the fastest during our lunchtime races.
p629201,Rika is the smartest student in the robotics club.
p751547,This suitcase is the biggest one in our closet.
p814351,Koji is the strongest guy at our gym.
p669008,Kana is the prettiest singer in the choir.
p591042,This cabin is the coziest place on the mountain trail.
p886622,Momo is the cutest cat in the neighborhood.
p663773,This book is more interesting than that one.
p120938,This movie is more interesting than that one.
p746300,This book is more difficult than that one.
p912726,This problem is more complicated than that one.
p909325,This dish is more delicious than that one.
p757345,This music is more beautiful than that one.
p982571,This building is more famous than that one.
p657157,This car is more expensive than that one.
p737333,This park is more popular than that one.
p131840,This school is more famous than that one.
p437598,This podcast is more informative than the morning news.
p971022,Our coworking space is more comfortable than the old office.
p514761,That online course is more comprehensive than the textbook.
p573331,Her explanation was more helpful than the manual.
p448316,This salad is more filling than the sandwich.
p323997,Tonight's playlist is more relaxing than yesterday's set.
p377633,The new museum is more impressive than the one downtown.
p292745,This electric bike is more expensive than my old scooter.
p529591,This festival is more popular than the spring event.
p647898,Their support team is more responsive than our old vendor.
p677449,This is the most interesting book of all.
p278022,This is the most difficult problem of all.
p963015,This is the most beautiful music in the world.
p626519,This is the most delicious dish in the world.
p956088,This is the most complicated system in the world.
p925921,This is the most important decision of all.
p344719,This is the most popular movie in the world.
p992403,This is the most expensive car in the world.
p360232,This is the most useful tool in the world.
p638476,This is the most effective method in the world.
p399106,This guide is the most informative resource on the site.
p602003,That puzzle was the most challenging problem on the exam.
p776400,Her piano cover is the most beautiful music at the recital.
p507200,This ramen place serves the most delicious broth in town.
p234437,This migration plan was the most complicated project we handled this year.
p722196,Choosing this major was the most important decision in my college life.
p665140,This documentary is the most popular movie on the streaming chart.
p225624,That vintage watch is the most expensive item in the shop.
p197759,This multitool is the most useful gadget in my backpack.
p326863,This breathing drill is the most effective method for calming me down.
p839924,She is as tall as her sister.
p704890,He runs as fast as me.
p211489,This book is as interesting as that one.
p772964,She is as young as me.
p685864,This car is as big as that one.
p172897,He is as strong as me.
p711857,This house is as small as that one.
p424374,She is as smart as me.
p904541,This music is as beautiful as that one.
p254585,This dish is as delicious as that one.
p518067,Maya is as tall as her older sister now.
p211112,Ken can run as fast as the track captain.
p475530,This podcast is as interesting as that bestseller.
p937306,That hoodie is as cozy as my favorite blanket.
p714942,This cafe is as quiet as a library in the morning.
p970227,He is as strong as his coach.
p619586,This studio is as small as my old dorm room.
p183465,Aya is as smart as her mentor.
p684181,This melody is as beautiful as the live orchestra version.
p740025,This dessert is as delicious as the bakery's signature cake.
p800559,I like oranges better than apples.
p285913,I like coffee better than tea.
p200758,I like movies better than TV.
p296068,I like music better than books.
p782830,I like soccer better than baseball.
p242812,I like apples the best.
p784775,I like coffee the best.
p822169,I like movies the best.
p444903,I like music the best.
p888213,I like sports the best.
p531111,I like podcasts better than radio shows in the morning.
p814159,I like iced coffee better than hot coffee in summer.
p820756,I like taking the train better than driving downtown.
p769847,I like digital books better than paper ones when I travel.
p905482,I like playing futsal better than jogging alone.
p785959,I like mango smoothies the best.
p182106,I like cozy neighborhood cafes the best.
p429093,I like quiet movie nights at home the best.
p217499,I like acoustic playlists the best when I study.
p701010,I like rainy-day walks the best for clearing my head.
p279705,To study English is important.
p352105,My dream is to be a teacher.
p572310,I want to help you.
p351771,I like to read books.
p408240,I started to study English.
p903359,I began to study English.
p294673,She began to read the book.
p276370,I like to play tennis.
p420962,She likes to cook.
p603595,I like to watch movies.
p290263,To get proper sleep is important before a big exam.
p880556,My goal is to teach kids overseas someday.
p186528,I want to help you set up the projector.
p630161,I like to read mystery novels on the train.
p967252,I started to study English during my commute this spring.
p661797,I began to take online lessons last month.
p533314,She began to read the new novel on her commute.
p905525,I like to play tennis at the park on Sundays.
p541049,She likes to cook simple meals after work.
p120170,I like to watch movies with subtitles on Friday nights.
p859143,I want something to eat.
p728166,I want something to drink.
p597513,I want something hot to drink.
p698456,I need a pen to write with.
p875383,She has a car to drive.
p822550,I want water to drink.
p923591,I have something to do.
p562917,This is a book to read.
p190177,This is a movie to watch.
p398080,This is a book to study math.
p169594,I have nothing to say.
p742012,I need a quiet place to study tonight.
p146368,I need something cold to drink.
p897648,We found a comfy sofa to nap on during breaks.
p722101,I need a pen to sign these forms.
p342433,She wants a light bike to ride to work.
p492967,We picked a movie to watch with the kids.
p938517,I brought notes to review before the meeting.
p833436,This is a link to share with the whole team.
p104170,I saved a playlist to keep me focused.
p843899,We need a volunteer to lead the warm-up.
p602146,I have nothing to add to that point.
p159060,I went to the library to study.
p473815,I came here to see her.
p357519,I study hard to pass the test.
p184753,He works hard to earn money.
p238050,I went to the department store to do some shopping.
p569737,She went to the movie theater to watch a movie.
p174460,I went to the station to meet my friend.
p462351,He went to the library to read books.
p661159,I went to the restaurant to have lunch.
p767722,She bought a pen to write a letter.
p288123,I went to the library to finish my report.
p114860,I came here to check on you.
p109581,I study every night to pass the certification test.
p492469,He works late to save money for travel.
p774071,We stopped by the market to grab snacks.
p399384,She went to the theater to watch the new musical.
p408332,I headed to the station to pick up my friend.
p150681,He went to the library to return the overdue books.
p635917,I walked to the restaurant to meet my parents for lunch.
p594041,She bought a fountain pen to write a thank-you letter.
p533519,I am happy to see you.
p527635,I am sad to hear the news.
p791367,I am surprised to see him here.
p708672,I am sorry to hear that.
p753388,I am angry to see this.
p400156,I am excited to go to the party.
p388221,I am glad to see you.
p121132,I was sad to read the letter.
p611914,I am glad to hear that.
p531512,I am happy to hear about your success.
p117124,I'm happy to finally see you in person.
p375562,I'm sad to hear about your loss.
p189283,I'm surprised to see him working here.
p663625,I'm sorry to hear that your trip was canceled.
p785664,I'm angry to see the project delayed again.
p940532,I'm excited to go to the live show tonight.
p890854,I'm glad to see you feeling better.
p567820,I was sad to read his farewell letter.
p500173,I'm relieved to hear that everyone is safe.
p196618,I'm happy to hear about your promotion.
p348010,Swimming is fun.
p755118,I like reading books.
p815156,My hobby is collecting stamps.
p668208,He stopped smoking.
p250736,Reading is important.
p700915,Swimming is good exercise.
p594523,I like playing tennis.
p453856,She likes cooking.
p292901,I finished doing my homework.
p632575,She finished studying.
p650985,Swimming in the river is incredibly refreshing.
p346350,I like reading travel blogs on weekends.
p752600,My hobby is collecting vintage pins.
p900507,He stopped smoking last month.
p907596,Reading every night is important for my course.
p891606,Jogging early in the morning is good exercise.
p442821,I like playing tennis with my coworkers after work.
p556955,She likes cooking simple soups for dinner.
p913459,I finished doing my homework before dinner.
p128521,She finished studying before the video call.
p900580,Thank you for helping me.
p715141,How about playing tennis?
p116492,How about taking a walk?
p190549,I am good at swimming.
p206866,She is good at running.
p109104,I am interested in reading books.
p690006,I am thinking about studying abroad.
p632160,I enjoyed reading.
p857262,I finished reading.
p842731,He stopped talking then.
p524485,Thank you for helping me polish the presentation deck.
p430011,How about trying the new ramen place for lunch?
p855383,How about taking a short walk before the next session?
p662590,I am good at teaching swimming to local kids.
p214426,She is good at running community events on the go.
p618678,I am interested in reading startup memoirs.
p169295,I am thinking about studying abroad in Canada next spring.
p652287,I enjoyed reading in the park this afternoon.
p623401,I finished reading the report on my commute.
p106074,He stopped talking after hearing the news.
p617679,There is a convenience store near here.
p681974,There was a man in the old house.
p132179,There were many children in Japan before.
p502921,There is not a restaurant near here.
p104209,There were three books in my bag.
p866343,There are some boys in the park.
p747327,There is a park near my house.
p366065,There is a book on the desk.
p280138,There are many students in the classroom.
p507145,Are there any bikes at the station?
p790288,There is a 24-hour convenience store just around this corner.
p719876,There was a friendly guard at the gate last night.
p348103,There were plenty of food trucks at the festival.
p954983,There isn't any Wi-Fi in this cabin.
p669754,There were three spare chargers in my backpack.
p769711,There are a few quiet seats by the window.
p496545,There is a coworking lounge on the second floor.
p847583,There is a new memo on the desk.
p769349,There are many exchange students in that class.
p808028,Are there any rental bikes left at the station?
p574342,When was she born?
p727381,When was this car made?
p250812,Is the song loved by young people?
p843738,Those rooms are not cleaned today.
p892596,The song is loved by many people.
p951054,This library isn't closed at five.
p994090,This pc was used by John.
p678970,Soccer is played in many countries.
p400238,Bob was helped by John.
p757918,English is used in many countries.
p424504,When was she born exactly?
p275866,When was this classic car manufactured?
p182873,Is this anthem still loved by the younger crowd?
p841478,Those studio rooms aren't cleaned yet today.
p447685,This folk song is loved by people all over the island.
p273506,This library isn't closed at five anymore.
p697985,This laptop was used by Miki during the hackathon.
p336590,Indoor soccer is played in sports centers across the city.
p869420,Ken was helped by Ayumi with the experiment.
p470976,English is used in most of our partner teams.
p138154,I have just finished my homework.
p330237,I have just finished my homework.
p245464,We have already cleaned the room.
p365621,I have just eaten lunch.
p570509,She has just eaten lunch.
p844390,He has just watched the movie.
p555963,We have already finished the work.
p701544,She has just written a letter.
p946374,I have just called you.
p715803,He has already read the book.
p362036,I have just wrapped up the client report.
p244821,I have already uploaded today's lecture notes.
p299394,We have already cleaned the studio for tonight's class.
p327769,I have just eaten a late lunch at my desk.
p906845,She has just grabbed lunch with her mentor.
p766294,He has just watched the season finale.
p308381,We have already finished the data entry for today.
p674352,She has just written a thank-you email.
p402547,I have just called you back.
p603522,He has already read the entire briefing packet.
p955707,I haven't finished my homework yet.
p528053,I haven't finished having lunch yet.
p312489,She hasn't watched the movie yet.
p307447,We haven't finished the work yet.
p371414,He hasn't written the letter yet.
p765149,I haven't called you yet.
p849092,She hasn't read the book yet.
p474668,He hasn't finished his homework yet.
p445910,I haven't eaten lunch yet.
p846483,She hasn't cleaned the room yet.
p293518,I haven't finished the client report yet.
p337270,I haven't eaten lunch yet today.
p512947,She hasn't watched the new episode yet.
p370892,We haven't finished the prototype yet.
p481568,He hasn't written the summary yet.
p746524,I haven't called the supplier yet.
p226489,She hasn't read the updated policy yet.
p771474,He hasn't finished his science homework yet.
p532553,I haven't eaten dinner yet.
p254681,She hasn't cleaned the studio yet.
p505065,Have you finished your homework yet?
p534228,Has she watched the movie yet?
p710042,Have you eaten lunch yet?
p198270,Has he written the letter yet?
p422744,Have you called him yet?
p568512,Has she read the book yet?
p805561,Have you finished your homework yet?
p715028,Has he cleaned the room yet?
p679772,Have you finished the work yet?
p299519,Has she eaten lunch yet?
p153451,Have you finished your client report yet?
p535895,Has she watched the new documentary yet?
p110825,Have you eaten lunch yet today?
p693523,Has he written the project summary yet?
p162493,Have you called the client back yet?
p134866,Has she read the updated brief yet?
p984265,Have you finished prepping your slides yet?
p215353,Has he cleaned the studio yet?
p953605,Have you finished the prototype yet?
p423759,Has she eaten dinner yet?
p722622,I have lived here for three years.
p158782,I have lived in Tenkawa for 12 years.
p701430,I have lived in Nara for 14 years.
p758260,I have lived in Nara since I was born.
p136224,Tom has lived in Tenkawa for 2 years.
p795228,She has worked here for five years.
p888172,We have been friends for ten years.
p118967,He has played tennis since he was a child.
p739143,She has studied English since last year.
p581326,I have lived in Tokyo since 2010.
p182326,I have lived in this apartment for three years.
p735830,I have lived in Tenkawa for twelve years now.
p560722,I have lived in Nara for fourteen years straight.
p935106,Tom has lived in Tenkawa for two years now.
p640610,She has worked at this coworking hub for five years.
p821076,We have been friends for ten years since our first year of college.
p916014,He has played tennis since grade school.
p890177,I haven't lived here for a long time.
p551834,It has not rained for a week.
p488175,She hasn't worked here for a long time.
p123394,We haven't been friends for a long time.
p348247,He hasn't played tennis since last year.
p539045,She hasn't studied English since last week.
p237018,I haven't lived in Tokyo since 2015.
p459239,He hasn't gone to school for a long time.
p506788,She hasn't read books for a long time.
p630520,I haven't watched movies for a long time.
p715789,I haven't lived here for very long.
p321233,It hasn't rained for a whole week.
p240380,She hasn't worked here for very long.
p915264,We haven't been friends for very long.
p110842,He hasn't played tennis since last summer.
p846660,She hasn't studied English since last month.
p594919,He hasn't gone to school for quite a while.
p496133,She hasn't read novels for a long time.
p565272,I haven't watched movies for weeks.
p644781,How long have you lived here?
p171775,How long have you lived in Japan?
p929803,How long have you worked here?
p165713,How long have you worked at school?
p276473,How long have you studied English?
p573163,How long have you studied Japanese?
p182291,How long have you been friends?
p174193,How long have you been a Tigers fan?
p492645,How long have you played tennis?
p410115,How long have you played soccer?
p501741,How long have you lived in this building?
p135481,How long have you worked here at the studio?
p358823,How long have you worked at that school?
p321630,How long have you been friends with them?
p997983,How long have you played tennis on that team?
p496834,How long have you played soccer with the club?
p825283,I have been sick for three days.
p553028,I have been to Tokyo twice.
p724824,She has seen the movie three times.
p934026,I have visited Canada once.
p495856,He has read that book once.
p381199,I have seen that movie twice.
p139807,She has heard that song many times.
p406041,I have eaten at that restaurant many times.
p940582,He has visited that country three times.
p280389,Have you ever been to Tokyo before?
p316737,I have been sick for three days straight.
p974693,I have been to Tokyo twice for concerts.
p181709,She has seen that movie three times already.
p738083,I have visited Canada once for work.
p533193,He has read that book once already.
p169871,I have seen that movie twice with my sister.
p296602,She has heard that song many times on the radio.
p112055,I have eaten at that ramen bar many times.
p691299,He has visited that country three times for research.
p275875,Have you ever taken the night bus to Tokyo before?
p499243,This is the book written by Soseki.
p525451,This is a car sold in 1950.
p593896,I have a pen made in Germany.
p505937,This is the guitar used by John.
p847262,I know the woman making a cake.
p965415,Who is the man walking over there?
p472845,The boy playing soccer is Bob.
p307462,I know the boy running over there.
p230332,The child watching TV is my brother.
p985794,The woman singing a song is my sister.
p115208,This is the travel guide compiled by Rina.
p937883,This is the classic car built for racing in 1950.
p440095,I carry a fountain pen made in Germany for signatures.
p173483,This is the guitar used by Jun during the recording.
p259535,I know the chef preparing the desserts over there.
p719503,Who is the man jogging by the river over there?
p959522,The boy playing soccer in the rain is Kai.
p190801,I know the student running down the hallway.
p469787,The kid watching anime on the tablet is my cousin.
p302743,The woman singing the jazz standard is my sister.
p860166,It is important to study English.
p488828,It is hard to get up early.
p692867,It was interesting to see temples in Nara.
p663449,Is it easy to speak English?
p145079,It was easy for me to swim.
p493485,It is important to help old people.
p218525,It is difficult to learn Japanese.
p943337,It is fun to play soccer.
p311391,It is easy for him to speak English.
p175101,It is fun for us to cook.
p792596,It is important to keep a journal in English.
p569203,It is tough to log into the system at five in the morning.
p208554,It was fascinating to see the restored temples in Nara.
p235745,Is it easy to pitch your idea in English?
p723903,It was easy for me to learn to swim with that coach.
p922688,It is important to offer your seat to older riders.
p506726,It is difficult to learn handwritten Japanese addresses.
p568239,It is fun to play pick-up soccer in the park.
p660519,It is easy for him to present in English now.
p984373,It is fun for us to cook brunch together.
p144440,I want you to help me.
p264457,I want you to clean the room.
p182981,She wants him to come.
p906302,They want us to study hard.
p535808,My mother wants me to clean my room.
p995904,I want her to cook.
p600751,He wants me to read a book.
p556915,She wants him to watch a movie.
p458258,I want him to sing a song.
p449207,She wants me to write a letter.
p168645,I want you to double-check the slides.
p462773,I want you to tidy the shared studio.
p723816,She wants him to call his parents tonight.
p853249,They want us to submit the draft early.
p302148,My mother wants me to water her plants.
p367739,I want her to DJ at the party.
p825178,He wants me to write a review of that book.
p980338,She wants him to watch the new documentary.
p491945,I want him to lead a song at karaoke.
p201939,She wants me to write a thank-you letter.
p211082,I don't know what to do.
p228657,I know how to study Japanese.
p513422,I don't know what to say.
p635240,I know when to go.
p784897,I don't know where to go.
p210155,I don't know how to cook.
p833124,I don't know what to buy.
p616696,I know when to start.
p953747,Can you tell me where to eat?
p756617,I don't know how to drive.
p501806,I don't know what to bring to the potluck.
p867459,I know how to study Japanese with podcasts.
p647335,I don't know what to say in the farewell toast.
p926562,I know when to leave for the last train.
p735208,I don't know where to store these props.
p708316,I don't know how to cook vegan ramen.
p309174,I don't know what to buy for the Secret Santa exchange.
p420020,I know when to start the livestream.
p234879,Can you tell me where to grab late-night ramen?
p873127,I don't know how to drive in the snow.
p862962,Do you know who can speak English?
p324415,I don't know where he was then.
p686730,I know what is in the box.
p725833,I don't know why you are crying.
p494401,I didn't know when you left.
p260232,Do you know where he is?
p354586,I don't know who she is.
p996250,I know who he is.
p120739,I don't know what he is doing.
p324149,She knows when he will come.
p348237,Do you know who can host the English workshop?
p757482,I don't know where he was during the outage.
p695218,I know what is inside the mystery box.
p927765,I don't know why you are crying during the movie.
p537007,I didn't know when you left the meeting.
p307858,Do you know where he is staying tonight?
p127646,I don't know who she is talking to.
p653555,I know who he is working with.
p366955,I don't know what he is working on right now.
p361674,She knows when he will land at the airport.
p783120,"You like dogs, don't you?"
p826423,"She is a student, isn't she?"
p101908,"You are busy, aren't you?"
p978056,"She likes grapes, doesn't she?"
p317795,"He can speak English, can't he?"
p903768,"He doesn't have a car, does he?"
p327947,"You didn't go to Kyoto, did you?"
p576772,"You went to Osaka, didn't you?"
p983947,"He won't come, will he?"
p991872,"Let's go to Osaka, shall we?"
p102785,"You love rescue dogs, don't you?"
p901332,"She is an exchange student, isn't she?"
p275830,"You are heading to Osaka, aren't you?"
p864456,"She likes grape soda, doesn't she?"
p205600,"He can host the webinar, can't he?"
p640780,"He doesn't own a car, does he?"
p925055,"You didn't submit the file, did you?"
p532708,"You booked the meeting room, didn't you?"
p738559,"He won't forget the tickets, will he?"
p702674,"Let's grab coffee after class, shall we?"
p677432,Didn't you work yesterday?
p203624,Wasn't he sick last week?
p181196,Can't I go home?
p457637,Doesn't she play volleyball?
p664210,Aren't you a student?
p915428,Don't you like milk?
p302279,Can't he speak English?
p517125,Won't she come?
p908147,Don't you like sushi? - No. I don't like it.
p194445,Don't you like sushi? - Yes. I like it.
p638782,Didn't you work the night shift yesterday?
p969394,Wasn't he sick last weekend?
p130600,Can't I head home after the meeting?
p246445,Doesn't she play volleyball on weekends?
p722580,Aren't you a design student?
p107675,Don't you like oat milk?
p479804,Can't he speak English with the clients?
p675268,Won't she come to the reunion?
p221643,Don't you like the sushi here? - No. I don't like it.
p204530,Don't you like the sushi here? - Yes. I do.
p443342,I have a friend who speaks Chinese.
p680381,I have a friend who likes programming.
p242954,I have a sister who can speak English.
p320062,Do you know the boy who is playing tennis?
p746618,He is the man who helped me yesterday.
p119700,I have a friend who is studying English.
p687713,I have a sister who lives in Tokyo.
p714171,I know the teacher who works here.
p406703,I have a friend who likes music.
p572844,The girl who sits next to me is Hanako.
p757591,I have a friend who speaks Mandarin and Spanish.
p731029,I have a friend who likes building indie games.
p802236,I have a sister who can teach English online.
p220337,Do you know the boy who is practicing serves over there?
p160757,He is the man who fix my bike yesterday.
p315345,I have a friend who is studying English at night school.
p768950,I have a sister who lives in Tokyo with her cat.
p552696,I know the teacher who works here on weekends.
p434909,I have a friend who loves indie music festivals.
p648904,The girl who sits next to me is Hanako from the art club.
p463646,John is a dog which runs fast.
p920262,This is the book which is very interesting.
p187218,This is the bus that goes to Nara.
p807896,This is the temple which was build over 1500 years ago.
p968394,This is the bird that cannot fly.
p531323,This is the shop which opened last week.
p146850,This is the computer which works well.
p234750,This is a car which is made in Japan.
p643424,This is a watch which is expensive.
p596510,The cat which has blue eyes is Kethy.
p636404,Luca is the dog that sprints around the lawn.
p138408,This is the bus that goes straight to Nara Park.
p516591,"This is the temple that was rebuilt over 1,300 years ago."
p607262,This is the bird that cannot fly and just waddles around.
p845177,This is the bakery that opened last weekend.
p674685,This is the laptop that still works well after five years.
p315198,This is a car that is assembled in Nagoya.
p647446,This is a watch that is too expensive.
p918207,This is the book I wrote.
p110683,John is a boy we know.
p905818,I have some pictures that Bob took.
p743380,This is the computer which I bought.
p978052,She is the girl that I like.
p371344,This is the cake he made.
p128123,She is the teacher I know.
p215136,This is the car she bought.
p891069,He is the friend I met.
p176910,This is the book he read.
p159097,This is the zine I wrote last summer.
p534818,Jiro is the guy we know from the makerspace.
p773031,I have some photos that Bob took at the festival.
p379105,This is the laptop that I bought for editing.
p260904,This is the cake he baked for the party.
p249505,She is the teacher I mentioned.
p361163,This is the car she rented for the trip.
p884472,He is the friend I met at the hackathon.
p755186,This is the book he recommended to me at the conference.
p137469,"If I were rich, I would buy a car."
p494674,"If I had time, I would help you."
p495846,"If she were here, she would be happy."
p843811,"If I were a bird, I could fly to you."
p236078,"If it rained, I would stay home."
p425115,"If he came, the party would be fun."
p470126,"If I were a doctor, I could help her."
p818460,"If I had money, I would buy a car."
p102098,"If she were young, she would be more active."
p627130,"If I could speak English, traveling abroad would be fun."
p934114,"If I had enough savings, I would buy and renovate a seaside farmhouse."
p769560,"If I had another free afternoon, I would help you set up the pop-up shop."
p787495,"If she were here for the launch event, she would be thrilled."
p415894,"If I were a stronger guitarist, I could tour with your band."
p602012,"If it rained all weekend, we would stay in and stream movies."
p258641,"If he came to the hackathon, the prototype would be ready sooner."
p169672,"If I were a doctor, I would volunteer at that island clinic."
p219644,"If I had extra cash, I would buy a mirrorless camera for travel."
p318932,"If she were younger, she would backpack around the world."
p423774,"If I could speak Spanish fluently, negotiating with local suppliers would be much easier."